,mysqli_object_static,mysqli_prepared_static,mysqli_procedural_static,pdo_prepared_static_e,pdo_prepared_static_n,pdo_query_static
mysqli_object_static,1.0,5.67957467432332e-71,1.0,0.0030144133535679562,1.2055993671962486e-73,1.0
mysqli_prepared_static,5.67957467432332e-71,1.0,1.7513759294799477e-83,7.186846427549364e-45,1.0,1.833880112704389e-59
mysqli_procedural_static,1.0,1.7513759294799477e-83,1.0,2.2630325377134537e-06,2.2154909322948565e-86,0.03214194287595961
pdo_prepared_static_e,0.0030144133535679562,7.186846427549364e-45,2.2630325377134537e-06,1.0,5.34338754469033e-47,0.4368600618944681
pdo_prepared_static_n,1.2055993671962486e-73,1.0,2.2154909322948565e-86,5.34338754469033e-47,1.0,6.535525577559886e-62
pdo_query_static,1.0,1.833880112704389e-59,0.03214194287595961,0.4368600618944681,6.535525577559886e-62,1.0
