,mysqli_object_static,mysqli_prepared_static,mysqli_procedural_static,pdo_prepared_static_e,pdo_prepared_static_n,pdo_query_static
mysqli_object_static,1.0,0.751185801018317,3.9591867369182824e-38,0.1867625420962834,0.0002940164640217375,1.0
mysqli_prepared_static,0.751185801018317,1.0,3.491333749370901e-50,0.00012386608356097686,0.31324026421702156,0.5657006933102123
mysqli_procedural_static,3.9591867369182824e-38,3.491333749370901e-50,1.0,3.699685426699417e-25,1.5756801351859178e-66,1.881258430414076e-37
pdo_prepared_static_e,0.1867625420962834,0.00012386608356097686,3.699685426699417e-25,1.0,1.952010943072693e-10,0.25938381951531136
pdo_prepared_static_n,0.0002940164640217375,0.31324026421702156,1.5756801351859178e-66,1.952010943072693e-10,1.0,0.0001715531578432857
pdo_query_static,1.0,0.5657006933102123,1.881258430414076e-37,0.25938381951531136,0.0001715531578432857,1.0
