,mysqli_object,mysqli_prepared,mysqli_procedural,pdo_prepared_e,pdo_prepared_n,pdo_query
mysqli_object,1.0,1.0,0.9606600357563111,1.0,1.0,1.0
mysqli_prepared,1.0,1.0,1.0,0.27587421677248924,1.0,1.0
mysqli_procedural,0.9606600357563111,1.0,1.0,0.15970692903168268,1.0,1.0
pdo_prepared_e,1.0,0.27587421677248924,0.15970692903168268,1.0,0.36467178757083174,0.9357530233702976
pdo_prepared_n,1.0,1.0,1.0,0.36467178757083174,1.0,1.0
pdo_query,1.0,1.0,1.0,0.9357530233702976,1.0,1.0
