,mysqli_object,mysqli_prepared,mysqli_procedural,pdo_prepared_e,pdo_prepared_n,pdo_query
mysqli_object,1.0,1.0,1.0,0.0003400813084704592,1.7573701823259193e-07,0.0003400813084704592
mysqli_prepared,1.0,1.0,1.0,0.24388311215886235,0.0016321553946804074,0.24388311215886235
mysqli_procedural,1.0,1.0,1.0,0.0003400813084704592,1.7573701823259193e-07,0.0003400813084704592
pdo_prepared_e,0.0003400813084704592,0.24388311215886235,0.0003400813084704592,1.0,1.0,1.0
pdo_prepared_n,1.7573701823259193e-07,0.0016321553946804074,1.7573701823259193e-07,1.0,1.0,1.0
pdo_query,0.0003400813084704592,0.24388311215886235,0.0003400813084704592,1.0,1.0,1.0
