,mysqli_object_static,mysqli_prepared_static,mysqli_procedural_static,pdo_prepared_static_e,pdo_prepared_static_n,pdo_query_static
mysqli_object_static,1.0,1.4387831245603923e-67,6.761556671845688e-13,1.0,1.002754596716852e-79,0.10131303384922254
mysqli_prepared_static,1.4387831245603923e-67,1.0,2.8712464224960576e-22,7.975621853780626e-77,1.0,7.7457622959580525e-90
mysqli_procedural_static,6.761556671845688e-13,2.8712464224960576e-22,1.0,4.217864071963439e-17,1.8966721015804183e-29,1.700285432188592e-23
pdo_prepared_static_e,1.0,7.975621853780626e-77,4.217864071963439e-17,1.0,9.318959791487473e-90,1.0
pdo_prepared_static_n,1.002754596716852e-79,1.0,1.8966721015804183e-29,9.318959791487473e-90,1.0,8.737993193265674e-104
pdo_query_static,0.10131303384922254,7.7457622959580525e-90,1.700285432188592e-23,1.0,8.737993193265674e-104,1.0
