,mysqli_object_static,mysqli_prepared_static,mysqli_procedural_static,pdo_prepared_static_e,pdo_prepared_static_n,pdo_query_static
mysqli_object_static,1.0,1.9323943100219865e-14,0.020936180727076814,6.437332037959447e-31,4.45560131272607e-82,1.2311753441278562e-18
mysqli_prepared_static,1.9323943100219865e-14,1.0,6.751242627090461e-28,0.0022030689860223366,1.3224354975763396e-28,1.0
mysqli_procedural_static,0.020936180727076814,6.751242627090461e-28,1.0,1.3285405497329174e-49,3.4545339595274744e-111,1.2624205840708298e-33
pdo_prepared_static_e,6.437332037959447e-31,0.0022030689860223366,1.3285405497329174e-49,1.0,7.127308799124113e-13,0.10990220903183773
pdo_prepared_static_n,4.45560131272607e-82,1.3224354975763396e-28,3.4545339595274744e-111,7.127308799124113e-13,1.0,2.4155527088323492e-23
pdo_query_static,1.2311753441278562e-18,1.0,1.2624205840708298e-33,0.10990220903183773,2.4155527088323492e-23,1.0
