,mysqli_object_static,mysqli_prepared_static,mysqli_procedural_static,pdo_prepared_static,pdo_prepared_static_e,pdo_query_static
mysqli_object_static,1.0,8.246957645286177e-15,1.0,0.023650596527425287,1.6867317827738553e-05,0.008737086274217947
mysqli_prepared_static,8.246957645286177e-15,1.0,2.3657550762984328e-18,1.1732058469304922e-05,2.7707734282007596e-37,1.249646800556191e-29
mysqli_procedural_static,1.0,2.3657550762984328e-18,1.0,0.0006210640837358523,0.0012785352306452407,0.18611710098199927
pdo_prepared_static,0.023650596527425287,1.1732058469304922e-05,0.0006210640837358523,1.0,1.4778867347926907e-14,6.174468242870793e-10
pdo_prepared_static_e,1.6867317827738553e-05,2.7707734282007596e-37,0.0012785352306452407,1.4778867347926907e-14,1.0,1.0
pdo_query_static,0.008737086274217947,1.249646800556191e-29,0.18611710098199927,6.174468242870793e-10,1.0,1.0
