,mysqli_object_static,mysqli_prepared_static,mysqli_procedural_static,pdo_prepared_static,pdo_prepared_static_e,pdo_query_static
mysqli_object_static,1.0,1.5133566697737054e-37,0.6108502102916912,1.0997090313068453e-19,3.0792252384585083e-18,3.901985915518997e-26
mysqli_prepared_static,1.5133566697737054e-37,1.0,8.133493804979644e-27,0.003997376639863811,2.4804669223594063e-106,1.9095895470219607e-124
mysqli_procedural_static,0.6108502102916912,8.133493804979644e-27,1.0,3.649997176705711e-12,3.0500202884631226e-27,9.703346676736116e-37
pdo_prepared_static,1.0997090313068453e-19,0.003997376639863811,3.649997176705711e-12,1.0,2.8874916358901407e-74,1.6397077428138614e-89
pdo_prepared_static_e,3.0792252384585083e-18,2.4804669223594063e-106,3.0500202884631226e-27,2.8874916358901407e-74,1.0,1.0
pdo_query_static,3.901985915518997e-26,1.9095895470219607e-124,9.703346676736116e-37,1.6397077428138614e-89,1.0,1.0
