,mysqli_object,mysqli_prepared,mysqli_procedural,pdo_prepared,pdo_preparede,pdo_query
mysqli_object,1.0,2.6361999248531234e-08,6.58387199313943e-07,3.62413253986388e-51,7.748721024323616e-40,7.748721024323616e-40
mysqli_prepared,2.6361999248531234e-08,1.0,2.1408880026443235e-29,5.069932645864149e-19,2.1548232663000493e-12,2.1548232663000493e-12
mysqli_procedural,6.58387199313943e-07,2.1408880026443235e-29,1.0,5.264880532911149e-94,2.226005037969157e-78,2.226005037969157e-78
pdo_prepared,3.62413253986388e-51,5.069932645864149e-19,5.264880532911149e-94,1.0,1.0,1.0
pdo_preparede,7.748721024323616e-40,2.1548232663000493e-12,2.226005037969157e-78,1.0,1.0,1.0
pdo_query,7.748721024323616e-40,2.1548232663000493e-12,2.226005037969157e-78,1.0,1.0,1.0
