,mysqli_object,mysqli_prepared,mysqli_procedural,pdo_prepared,pdo_preparede,pdo_query
mysqli_object,1.0,1.0,0.4584416999744729,0.3282796163249588,1.0,0.0009385366676378435
mysqli_prepared,1.0,1.0,1.0,0.07648448100374518,1.0,0.007123070203854345
mysqli_procedural,0.4584416999744729,1.0,1.0,0.00012579768783994635,0.016010458924498566,0.9861118951424837
pdo_prepared,0.3282796163249588,0.07648448100374518,0.00012579768783994635,1.0,1.0,4.6033123444341525e-09
pdo_preparede,1.0,1.0,0.016010458924498566,1.0,1.0,4.773195273262399e-06
pdo_query,0.0009385366676378435,0.007123070203854345,0.9861118951424837,4.6033123444341525e-09,4.773195273262399e-06,1.0
