,mysqli_object,mysqli_prepared,mysqli_procedural,pdo_prepared_e,pdo_prepared_n,pdo_query
mysqli_object,1.0,1.0,1.0,0.6722125193119417,2.3226412013637787e-07,6.832117026046732e-09
mysqli_prepared,1.0,1.0,1.0,0.328529304861313,4.229184891681217e-08,4.0702139167683676e-08
mysqli_procedural,1.0,1.0,1.0,0.523080151298698,1.2650292258445163e-07,1.3158902132902872e-08
pdo_prepared_e,0.6722125193119417,0.328529304861313,0.523080151298698,1.0,0.003937973127097611,2.580595282523773e-15
pdo_prepared_n,2.3226412013637787e-07,4.229184891681217e-08,1.2650292258445163e-07,0.003937973127097611,1.0,2.0050864451778336e-31
pdo_query,6.832117026046732e-09,4.0702139167683676e-08,1.3158902132902872e-08,2.580595282523773e-15,2.0050864451778336e-31,1.0
