,mysqli_object,mysqli_prepared,mysqli_procedural,pdo_prepared_e,pdo_prepared_n,pdo_query
mysqli_object,1.0,1.0,6.596869069401262e-33,4.686316354565773e-08,4.686316354565773e-08,0.057156189909728684
mysqli_prepared,1.0,1.0,6.596869069401262e-33,4.686316354565773e-08,4.686316354565773e-08,0.057156189909728684
mysqli_procedural,6.596869069401262e-33,6.596869069401262e-33,1.0,5.080529543979891e-72,5.080529543979891e-72,4.118054365476425e-50
pdo_prepared_e,4.686316354565773e-08,4.686316354565773e-08,5.080529543979891e-72,1.0,1.0,0.036502481958493316
pdo_prepared_n,4.686316354565773e-08,4.686316354565773e-08,5.080529543979891e-72,1.0,1.0,0.036502481958493316
pdo_query,0.057156189909728684,0.057156189909728684,4.118054365476425e-50,0.036502481958493316,0.036502481958493316,1.0
